Empresa;Codigo;indices dos quais participa
3M;MMMC34;BDRX
3R PETROLEUM;RRRP3;IBOV,IBRA,IBXX,IGCT,IGCX,IGNM,ITAG,IVBX,SMLL
3TENTOS;TTEN3;AGFS,IBRA,ICON,IGCT,IGCX,IGNM,ITAG,SMLL
AB INBEV;ABUD34;BDRX
ABB LTD;A1BB34;BDRX
ABBOTT;ABTT34;BDRX
ABBVIE;ABBV34;BDRX
ABC BRASIL;ABCB4;IBRA,IDIV,IFNC,IGCT,IGCX,ITAG,SMLL
ACCENTURE;ACNB34;BDRX
ACTIVISION;ATVI34;BDRX
ADOBE INC;ADBE34;BDRX
ADVANCE AUTO;A1AP34;BDRX
ADVANCED MIC;A1MD34;BDRX
AEGON NV;A1EG34;BDRX
AERIS;AERI3;GPTW,IBRA,IGCT,IGCX,IGNM,INDX,ITAG,SMLL
AES BRASIL;AESB3;IBRA,IDIV,IEEX,IGCT,IGCX,IGNM,ISEE,ITAG,SMLL,UTIL
AES CORP;A1ES34;BDRX
AGROGALAXY;AGXY3;IGCX,IGNM,ITAG
AIRBNB;AIRB34;BDRX
AKAMAI TECHN;A1KA34;BDRX
ALBEMARLE CO;A1LB34;BDRX
ALEXANDRIA R;A1RE34;BDRX
ALIANSCSONAE;ALSO3;IBRA,IGCT,IGCX,IGNM,IMOB,ITAG,SMLL
ALIBABAGR;BABA34;BDRX
ALIGN TECHNO;A1LG34;BDRX
ALLIAR;AALR3;IBRA,ICON,IGCT,IGCX,IGNM,ITAG,SMLL
ALLIED;ALLD3;IBRA,ICON,IGCT,IGCX,IGNM,ITAG,SMLL
ALNYLAM PHAR;A1LN34;BDRX
ALPARGATAS;ALPA3;IGCX
ALPARGATAS;ALPA4;GPTW,IBOV,IBRA,IBXX,ICON,IGCT,IGCX,INDX,IVBX,MLCX
ALPER S.A.;APER3;IGCX,IGNM,ITAG
ALPHABET;GOGL34;BDRX
ALPHABET;GOGL35;BDRX
ALPHAVILLE;AVLL3;IGCX,IGNM,ITAG
ALTERYX INC;A1YX34;BDRX
ALTRIA GROUP;MOOO34;BDRX
ALUPAR;ALUP11;IBRA,IDIV,IEEX,IGCT,IGCX,ITAG,SMLL,UTIL
AMAZON;AMZO34;BDRX
AMBEV S/A;ABEV3;AGFS,GPTW,IBOV,IBRA,IBXL,IBXX,ICO2,ICON,INDX,MLCX
AMBIPAR;AMBP3;IBRA,IGCT,IGCX,IGNM,ISEE,ITAG,SMLL,UTIL
AMC ENTERT H;A2MC34;BDRX
AMCOR PLC;A1CR34;BDRX
AMERICAMOVIL;A1MX34;BDRX
AMERICAN AIR;AALL34;BDRX
AMERICAN EXP;AXPB34;BDRX
AMERICAN TOW;T1OW34;BDRX
AMERICANAS;AMER3;GPTW,IBOV,IBRA,IBXL,IBXX,ICO2,ICON,IGCT,IGCX,IGNM,ISEE,ITAG,MLCX
AMGEN;AMGN34;BDRX
ANGLOGOLD AS;A1UA34;BDRX
ANIMA;ANIM3;IBRA,ICON,IGCT,IGCX,IGNM,ITAG,SMLL
APA CORP;A1PA34;BDRX
APARTMENT IN;A1IV34;BDRX
APPLE;AAPL34;BDRX
APPLIED MATE;A1MT34;BDRX
ARCELOR;ARMT34;BDRX
AREZZO CO;ARZZ3;AGFS,GPTW,IBRA,IBXX,ICON,IGCT,IGCX,IGNM,ISEE,ITAG,SMLL
ARMAC;ARML3;AGFS,IBRA,IGCT,IGCX,IGNM,ITAG,SMLL
ASML HOLD;ASML34;BDRX
ASSAI;ASAI3;AGFS,IBOV,IBRA,IBXX,ICON,IGCT,IGCX,IGNM,ITAG,IVBX,MLCX
ASTRAZENECA;A1ZN34;BDRX
ATLASSIAN CO;T1AM34;BDRX
ATT INC;ATTB34;BDRX
AUREN;AURE3;IBRA,IBXX,IEEX,IGCT,IGCX,IGNM,ITAG,MLCX,UTIL
AUTODESK INC;A1UT34;BDRX
AUTOHOME INC;A1TH34;BDRX
AVALONBAY CO;A1VB34;BDRX
AZUL;AZUL4;IBOV,IBRA,IBXL,IBXX,ICO2,IGCT,IGCX,ISEE,ITAG,IVBX,SMLL
B3;B3SA3;GPTW,IBOV,IBRA,IBXL,IBXX,ICO2,IDIV,IFNC,IGCT,IGCX,IGNM,ITAG,MLCX
BAHEMA;BAHI3;ITAG
BAIDU INC;BIDU34;BDRX
BANCO BMG;BMGB4;IBRA,IFNC,IGCT,IGCX,ITAG,SMLL
BANCO PAN;BPAN4;GPTW,IBOV,IBRA,IBXX,IFNC,IGCT,IGCX,ITAG,IVBX,MLCX
BANCO SANTAN;B1SA34;BDRX
BANESE;BGIP3;ITAG
BANESE;BGIP4;ITAG
BANK AMERICA;BOAC34;BDRX
BANRISUL;BRSR3;IGCX,ITAG
BANRISUL;BRSR6;IBRA,IDIV,IFNC,IGCT,IGCX,ITAG,SMLL
BARCLAYS PLC;B1CS34;BDRX
BBSEGURIDADE;BBSE3;IBOV,IBRA,IBXL,IBXX,IDIV,IFNC,IGCT,IGCX,IGNM,ITAG,IVBX,MLCX
BEMOBI TECH;BMOB3;GPTW,IBRA,IGCT,IGCX,IGNM,ITAG,SMLL
BERKSHIRE;BERK34;BDRX
BEST BUY;BBYY34;BDRX
BEYOND MEAT;B2YN34;BDRX
BILIBILI INC;B1IL34;BDRX
BIOGEN;BIIB34;BDRX
BIOMM;BIOM3;ITAG
BIONTECH SE;B1NT34;BDRX
BK BRASIL;BKBR3;IBRA,ICON,IGCT,IGCX,IGNM,ITAG,SMLL
BLACKROCK;BLAK34;BDRX
BLAU;BLAU3;IBRA,ICON,IGCT,IGCX,IGNM,ITAG,SMLL
BLOCK INC.;S2QU34;BDRX
BNY MELLON;BONY34;BDRX
BOA SAFRA;SOJA3;AGFS,IBRA,ICON,IGCT,IGCX,IGNM,ITAG,SMLL
BOA VISTA;BOAS3;IBRA,IFNC,IGCT,IGCX,IGNM,ITAG,SMLL
BOEING;BOEI34;BDRX
BOOKING;BKNG34;BDRX
BOSTON PROP;BOXP34;BDRX
BOSTON SCIEN;B1SX34;BDRX
BP PLC;B1PP34;BDRX
BR MALLS PAR;BRML3;IBOV,IBRA,IBXL,IBXX,ICO2,IGCT,IGCX,IGNM,IMOB,ITAG,IVBX,SMLL
BR PARTNERS;BRBI11;IBRA,IFNC,IGCT,IGCX
BR PROPERT;BRPR3;IBRA,IGCT,IGCX,IGNM,IMOB,ITAG,SMLL
BRADESCO;BBDC3;IBOV,IBRA,IBXX,ICO2,IDIV,IFNC,IGCT,IGCX,ITAG,MLCX
BRADESCO;BBDC4;GPTW,IBOV,IBRA,IBXL,IBXX,ICO2,IDIV,IFNC,IGCT,IGCX,ISEE,ITAG,MLCX
BRADESPAR;BRAP3;IGCX,ITAG
BRADESPAR;BRAP4;IBOV,IBRA,IBXL,IBXX,IDIV,IGCT,IGCX,IMAT,ITAG,IVBX,MLCX
BRASIL;BBAS3;IBOV,IBRA,IBXL,IBXX,ICO2,IDIV,IFNC,IGCT,IGCX,IGNM,ISEE,ITAG,MLCX
BRASILAGRO;AGRO3;AGFS,IBRA,ICON,IDIV,IGCT,IGCX,IGNM,ITAG,SMLL
BRASKEM;BRKM3;IGCX,ITAG
BRASKEM;BRKM5;IBOV,IBRA,IBXL,IBXX,ICO2,IGCT,IGCX,IMAT,INDX,ISEE,ITAG,IVBX,MLCX
BRF SA;BRFS3;AGFS,IBOV,IBRA,IBXL,IBXX,ICO2,ICON,IGCT,IGCX,IGNM,INDX,ISEE,ITAG,IVBX,MLCX
BRISANET;BRIT3;IGCX,IGNM,ITAG
BRISTOLMYERS;BMYB34;BDRX
BRITISH AMER;B1TI34;BDRX
BROADCOM INC;AVGO34;BDRX
BROOKFIELD A;B1AM34;BDRX
BTGP BANCO;BPAC11;IBOV,IBRA,IBXL,IBXX,ICO2,IFNC,IGCT,IGCX,ISEE,ITAG,MLCX
CAIXA SEGURI;CXSE3;IBRA,IFNC,IGCT,IGCX,IGNM,ITAG,MLCX
CAMIL;CAML3;AGFS,IBRA,ICON,IGCT,IGCX,IGNM,INDX,ITAG,SMLL
CARNIVAL COR;C1CL34;BDRX
CARREFOUR BR;CRFB3;AGFS,IBOV,IBRA,IBXX,ICON,IGCT,IGCX,IGNM,ITAG,MLCX
CATERPILLAR;CATP34;BDRX
CBA;CBAV3;IBRA,IGCT,IGCX,IGNM,IMAT,ITAG,SMLL
CCR SA;CCRO3;IBOV,IBRA,IBXL,IBXX,ICO2,IGCT,IGCX,IGNM,ISEE,ITAG,IVBX,MLCX
CEA MODAS;CEAB3;GPTW,IBRA,ICON,IGCT,IGCX,IGNM,ITAG,SMLL
CEDRO;CEDO3;IGCX
CEDRO;CEDO4;IGCX,ITAG
CELESC;CLSC3;ITAG
CELESC;CLSC4;IGCX,ITAG
CEMIG;CMIG3;IBRA,IDIV,IGCT,IGCX,MLCX,UTIL
CEMIG;CMIG4;IBOV,IBRA,IBXX,ICO2,IDIV,IEEX,IGCT,IGCX,ISEE,IVBX,MLCX,UTIL
CHARTER COMM;CHCM34;BDRX
CHEVRON;CHVX34;BDRX
CHINA LIFE I;L1FC34;BDRX
CHINA PETROL;C1HI34;BDRX
CIELO;CIEL3;GPTW,IBOV,IBRA,IBXX,ICO2,IFNC,IGCT,IGCX,IGNM,ISEE,ITAG,IVBX,SMLL
CIGNA CORP;C1IC34;BDRX
CISCO;CSCO34;BDRX
CITIGROUP;CTGP34;BDRX
CLEARSALE;CLSA3;GPTW,IBRA,IFNC,IGCT,IGCX,IGNM,ITAG,SMLL
COCA COLA;COCA34;BDRX
COELCE;COCE5;IEEX
COGNA ON;COGN3;IBOV,IBRA,IBXL,IBXX,ICON,IGCT,IGCX,IGNM,ITAG,IVBX,SMLL
COINBASEGLOB;C2OI34;BDRX
COLGATE;COLG34;BDRX
COMCAST;CMCS34;BDRX
COPASA;CSMG3;IBRA,IDIV,IGCT,IGCX,IGNM,ITAG,SMLL,UTIL
COPEL;CPLE3;IBRA,IDIV,IGCT,IGCX,MLCX,UTIL
COPEL;CPLE6;GPTW,IBOV,IBRA,IBXX,ICO2,IDIV,IEEX,IGCT,IGCX,ISEE,IVBX,MLCX,UTIL
COPHILLIPS;COPH34;BDRX
CORTEVA INC;C1TV34;BDRX
COSAN;CSAN3;AGFS,IBOV,IBRA,IBXL,IBXX,ICO2,IGCT,IGCX,IGNM,ISEE,ITAG,IVBX,MLCX
COSTAR GROUP;C1GP34;BDRX
COSTCO;COWC34;BDRX
COTEMINAS;CTNM4;ITAG
COTY INC;COTY34;BDRX
COUPA SOFTWA;C1OU34;BDRX
CPFL ENERGIA;CPFE3;IBOV,IBRA,IBXX,ICO2,IDIV,IEEX,IGCT,IGCX,IGNM,ISEE,ITAG,MLCX,UTIL
CR2;CRDE3;ITAG
CREDIT SUISS;C1SU34;BDRX
CRUZEIRO EDU;CSED3;IBRA,ICON,IGCT,IGCX,IGNM,ITAG,SMLL
CSNMINERACAO;CMIN3;IBOV,IBRA,IBXX,IGCT,IGCX,IMAT,ITAG,MLCX
CSU CARDSYST;CARD3;IBRA,IFNC,IGCT,IGCX,IGNM,ITAG,SMLL
CTRIPCOM;CRIP34;BDRX
CURY S/A;CURY3;IBRA,ICON,IGCT,IGCX,IGNM,IMOB,ITAG,SMLL
CVC BRASIL;CVCB3;IBOV,IBRA,IBXL,IBXX,ICON,IGCT,IGCX,IGNM,ITAG,IVBX,SMLL
CVS HEALTH;CVSH34;BDRX
CYRELA REALT;CYRE3;IBOV,IBRA,IBXL,IBXX,ICON,IDIV,IGCT,IGCX,IGNM,IMOB,INDX,ITAG,IVBX,SMLL
D1000VFARMA;DMVF3;IGCX,IGNM,ITAG
DANAHER CORP;DHER34;BDRX
DASA;DASA3;GPTW,IBRA,ICON,IGCT,IGCX,IGNM,ITAG,MLCX
DATADOG INC;D1DG34;BDRX
DEERE CO;DEEC34;BDRX
DELTA;DEAI34;BDRX
DESKTOP;DESK3;IGCX,IGNM,ITAG
DEUTSCHE AK;DBAG34;BDRX
DEVON ENERGY;D1VN34;BDRX
DEXCO;DXCO3;AGFS,IBOV,IBRA,IBXX,ICO2,IGCT,IGCX,IGNM,IMAT,INDX,ISEE,ITAG,SMLL
DEXCOM INC;D1EX34;BDRX
DEXXOS PAR;DEXP3;IBRA,IGCT,IGCX,IMAT,SMLL
DEXXOS PAR;DEXP4;IGCX
DIAGEO PL;DEOP34;BDRX
DIAMONDBACK;F1AN34;BDRX
DIGITAL REAL;D1LR34;BDRX
DIMED;PNVL3;IBRA,ICON,IGCT,IGCX,IGNM,ITAG,SMLL
DIRECIONAL;DIRR3;IBRA,ICON,IDIV,IGCT,IGCX,IGNM,IMOB,INDX,ITAG,SMLL
DOCUSIGN INC;D1OC34;BDRX
DOLLAR GENER;DGCO34;BDRX
DOMMO;DMMO3;IBRA,SMLL
DOTZ SA;DOTZ3;IGCX,IGNM,ITAG
DOW INC;D1OW34;BDRX
EATON CORP P;E1TN34;BDRX
EBAY;EBAY34;BDRX
ECOPETROL SA;E1CO34;BDRX
ECORODOVIAS;ECOR3;IBOV,IBRA,IBXX,ICO2,IGCT,IGCX,IGNM,ISEE,ITAG,SMLL
ELECTR ARTS;EAIN34;BDRX
ELETROBRAS;ELET3;IBOV,IBRA,IBXL,IBXX,ICO2,IDIV,IEEX,IGCT,IGCX,ISEE,IVBX,MLCX,UTIL
ELETROBRAS;ELET6;IBOV,IBRA,IBXX,ICO2,IDIV,IGCT,IGCX,MLCX,UTIL
ELETROMIDIA;ELMD3;IGCX,IGNM,ITAG
EMBRAER;EMBR3;IBOV,IBRA,IBXL,IBXX,ICO2,IGCT,IGCX,IGNM,INDX,ITAG,IVBX,SMLL
ENAUTA PART;ENAT3;IBRA,IDIV,IGCT,IGCX,IGNM,ITAG,SMLL
ENERGIAS BR;ENBR3;IBOV,IBRA,IBXX,ICO2,IDIV,IEEX,IGCT,IGCX,IGNM,ISEE,ITAG,SMLL,UTIL
ENERGISA;ENGI11;IBOV,IBRA,IBXX,IEEX,IGCT,IGCX,ITAG,MLCX,UTIL
ENEVA;ENEV3;IBOV,IBRA,IBXX,ICO2,IEEX,IGCT,IGCX,IGNM,ITAG,MLCX,UTIL
ENGIE BRASIL;EGIE3;IBOV,IBRA,IBXX,ICO2,IDIV,IEEX,IGCT,IGCX,IGNM,ISEE,ITAG,MLCX,UTIL
ENJOEI;ENJU3;IBRA,IGCT,IGCX,IGNM,ITAG,SMLL
EOG RESOURCE;E1OG34;BDRX
EQUATORIAL;EQTL3;IBOV,IBRA,IBXL,IBXX,IEEX,IGCT,IGCX,IGNM,ITAG,IVBX,MLCX,UTIL
EQUINIX INC;EQIX34;BDRX
EQUINOR ASA;E1QN34;BDRX
EQUITY RESID;E1QR34;BDRX
ERICSSON LM;E1RI34;BDRX
ESPACOLASER;ESPA3;IBRA,ICON,IGCT,IGCX,IGNM,ITAG,SMLL
ESSEX PROPER;E1SS34;BDRX
ESTAPAR;ALPK3;IGCX,IGNM,ITAG
ESTEE LAUDER;ELCI34;BDRX
EUCATEX;EUCA3;IGCX
EUCATEX;EUCA4;IGCX
EVEN;EVEN3;IBRA,ICON,IGCT,IGCX,IGNM,IMOB,ITAG,SMLL
EXXON MOBIL;EXXO34;BDRX
EZTEC;EZTC3;IBOV,IBRA,IBXX,ICON,IGCT,IGCX,IGNM,IMOB,INDX,ITAG,SMLL
FEDEX CORP;FDXB34;BDRX
FER HERINGER;FHER3;IGCX,IGNM,ITAG
FERBASA;FESA3;IGCX
FERBASA;FESA4;IBRA,IDIV,IGCT,IGCX,IMAT,INDX,SMLL
FIDELITY NAT;F1NI34;BDRX
FII ABSOLUTO;BPFF11;IFIX
FII AFHI CRI;AFHI11;IFIX
FII ALIANZA;ALZR11;IFIL,IFIX
FII ARCTIUM;ARCT11;IFIL,IFIX
FII ATRIO;ARRI11;IFIX
FII AUTONOMY;AIEC11;IFIX
FII BARIGUI;BARI11;IFIL,IFIX
FII BB PRGII;BBPO11;IFIL,IFIX
FII BC FFII;BCFF11;IFIL,IFIX
FII BC FUND;BRCR11;IFIL,IFIX
FII BCIA;BCIA11;IFIX
FII BEES CRI;BCRI11;IFIL,IFIX
FII BLUE FOF;BLMR11;IFIX
FII BLUE LOG;BLMG11;IFIX
FII BRESCO;BRCO11;IFIL,IFIX
FII BTG AGRO;BTAL11;IFIX
FII BTG CRI;BTCR11;IFIX
FII BTG TAGR;BTRA11;IFIX
FII BTLG;BTLG11;IFIL,IFIX
FII CAMPUSFL;FCFL11;IFIX
FII CAP REIT;CPFF11;IFIL,IFIX
FII CAPI SEC;CPTS11;IFIL,IFIX
FII CSHG CRI;HGCR11;IFIL,IFIX
FII CSHG FOF;HGFF11;IFIX
FII CSHG LOG;HGLG11;IFIL,IFIX
FII CSHG URB;HGRU11;IFIL,IFIX
FII DEA CARE;CARE11;IFIX
FII DEVANT;DEVA11;IFIL,IFIX
FII EXCELLEN;FEXC11;IFIX
FII FATOR VE;VRTA11;IFIL,IFIX
FII G TOWERS;GTWR11;IFIL,IFIX
FII GGRCOVEP;GGRC11;IFIL,IFIX
FII GUARDIAN;GALG11;IFIX
FII HABIT II;HABT11;IFIL,IFIX
FII HECTARE;HCTR11;IFIL,IFIX
FII HEDGEBS;HGBS11;IFIL,IFIX
FII HG REAL;HGRE11;IFIL,IFIX
FII HSI CRI;HSAF11;IFIX
FII HSI LOG;HSLG11;IFIX
FII HSI MALL;HSML11;IFIL,IFIX
FII HTOPFOF3;HFOF11;IFIL,IFIX
FII INDL BR;FIIB11;IFIX
FII IRIDIUM;IRDM11;IFIL,IFIX
FII JS REAL;JSRE11;IFIL,IFIX
FII KILIMA;KISU11;IFIL,IFIX
FII KINEA;KNRI11;IFIL,IFIX
FII KINEA HY;KNHY11;IFIL,IFIX
FII KINEA IP;KNIP11;IFIL,IFIX
FII KINEA RI;KNCR11;IFIL,IFIX
FII KINEA SC;KNSC11;IFIL,IFIX
FII KINEAFOF;KFOF11;IFIX
FII MALLS BP;MALL11;IFIL,IFIX
FII MAUA;MCCI11;IFIL,IFIX
FII MAUA HF;MCHF11;IFIX
FII MAXI REN;MXRF11;IFIL,IFIX
FII MERITO I;MFII11;IFIX
FII MOGNO;MGFF11;IFIL,IFIX
FII MORE RE;MORE11;IFIX
FII NCH EQI;NCHB11;IFIX
FII OURI JPP;OUJP11;IFIX
FII PATR LOG;PATL11;IFIL,IFIX
FII PLURAL R;PLCR11;IFIX
FII POLO CRI;PORD11;IFIX
FII QUASAR A;QAGR11;IFIX
FII RBR LOG;RBRL11;IFIX
FII RBR PCRI;RBRY11;IFIX
FII RBR PROP;RBRP11;IFIL,IFIX
FII RBRALPHA;RBRF11;IFIL,IFIX
FII RBRHGRAD;RBRR11;IFIL,IFIX
FII REC RECE;RECR11;IFIL,IFIX
FII REC REND;RECT11;IFIL,IFIX
FII RIOB FF;RBFF11;IFIX
FII RIOB RC;RCRB11;IFIX
FII RIOB VA;RBVA11;IFIL,IFIX
FII RIZA AKN;RZAK11;IFIL,IFIX
FII RIZA TX;RZTR11;IFIL,IFIX
FII SANT PAP;SADI11;IFIX
FII SANT REN;SARE11;IFIL,IFIX
FII SDI LOG;SDIL11;IFIL,IFIX
FII SP DOWNT;SPTW11;IFIX
FII SUNO CRI;SNCI11;IFIX
FII SUNOFOFI;SNFF11;IFIL,IFIX
FII TG ATIVO;TGAR11;IFIL,IFIX
FII TORDE EI;TORD11;IFIL,IFIX
FII TRX REAL;TRXF11;IFIL,IFIX
FII URCA REN;URPR11;IFIL,IFIX
FII VALOR HE;VGHF11;IFIL,IFIX
FII VALORAIP;VGIP11;IFIL,IFIX
FII VALREIII;VGIR11;IFIX
FII VBI CRI;CVBI11;IFIL,IFIX
FII VBI LOG;LVBI11;IFIL,IFIX
FII VBI PRI;PVBI11;IFIL,IFIX
FII VBI REIT;RVBI11;IFIX
FII VECTIS;VCJR11;IFIX
FII VERS CRI;VSLH11;IFIL,IFIX
FII VINCI IF;VIFI11;IFIX
FII VINCI LG;VILG11;IFIL,IFIX
FII VINCI OF;VINO11;IFIL,IFIX
FII VINCI SC;VISC11;IFIL,IFIX
FII VOT LOG;VTLT11;IFIX
FII XP CRED;XPCI11;IFIL,IFIX
FII XP INDL;XPIN11;IFIX
FII XP LOG;XPLG11;IFIL,IFIX
FII XP MALLS;XPML11;IFIL,IFIX
FII XP PROP;XPPR11;IFIL,IFIX
FII XP SELEC;XPSF11;IFIL,IFIX
FIRST SOLAR;FSLR34;BDRX
FLEURY;FLRY3;IBOV,IBRA,IBXX,ICO2,ICON,IGCT,IGCX,IGNM,ISEE,ITAG,SMLL
FORD MOTORS;FDMO34;BDRX
FORTINET INC;F1TN34;BDRX
FRAS-LE;FRAS3;IGCX
FREEPORT;FCXO34;BDRX
GAFISA;GFSA3;IBRA,ICON,IGCT,IGCX,IGNM,IMOB,ITAG,SMLL
GE;GEOO34;BDRX
GENERAL MOT;GMCO34;BDRX
GENERALSHOPP;GSHP3;ITAG
GER PARANAP;GEPA4;ITAG
GERDAU;GGBR3;IGCX,ITAG
GERDAU;GGBR4;IBOV,IBRA,IBXL,IBXX,ICO2,IGCT,IGCX,IMAT,INDX,ITAG,IVBX,MLCX
GERDAU MET;GOAU3;IGCX,ITAG
GERDAU MET;GOAU4;IBOV,IBRA,IBXL,IBXX,IGCT,IGCX,IMAT,INDX,ITAG,IVBX,SMLL
GETNET BR;GETT11;GPTW,IBRA,IFNC,ITAG,SMLL
GETNINJAS;NINJ3;IGCX,IGNM,ITAG
GILEAD;GILD34;BDRX
GOL;GOLL4;IBOV,IBRA,IBXX,ICO2,IGCT,IGCX,ITAG,IVBX,SMLL
GOLD FIELDS;G1FI34;BDRX
GOLDMANSACHS;GSGI34;BDRX
GOPRO;GPRO34;BDRX
GPS;GGPS3;IBRA,IGCT,IGCX,IGNM,ITAG,SMLL
GRAZZIOTIN;CGRA3;ITAG
GRAZZIOTIN;CGRA4;ITAG
GRENDENE;GRND3;IBRA,ICON,IDIV,IGCT,IGCX,IGNM,INDX,ITAG,SMLL
GRUPO MATEUS;GMAT3;AGFS,IBRA,ICON,IGCT,IGCX,IGNM,ITAG,SMLL
GRUPO NATURA;NTCO3;IBOV,IBRA,IBXL,IBXX,ICO2,ICON,IGCT,IGCX,IGNM,INDX,ISEE,ITAG,IVBX,MLCX
GRUPO SBF;SBFG3;IBRA,ICON,IGCT,IGCX,IGNM,ITAG,SMLL
GRUPO SOMA;SOMA3;IBOV,IBRA,IBXX,ICON,IGCT,IGCX,IGNM,ITAG,SMLL
GSK PLC;G1SK34;BDRX
GUARARAPES;GUAR3;IBRA,ICON,IGCT,IGCX,IGNM,ITAG,SMLL
HAPVIDA;HAPV3;IBOV,IBRA,IBXL,IBXX,ICON,IGCT,IGCX,IGNM,ITAG,IVBX,MLCX
HARLEY-DAVID;H1OG34;BDRX
HBR REALTY;HBRE3;IGCX,IGNM,ITAG
HCA HEALTHCA;H1CA34;BDRX
HELBOR;HBOR3;IBRA,ICON,IGCT,IGCX,IGNM,IMOB,ITAG,SMLL
HIDROVIAS;HBSA3;AGFS,IBRA,IGCT,IGCX,IGNM,ITAG,SMLL
HOME DEPOT;HOME34;BDRX
HONDA MO;HOND34;BDRX
HORIZON THER;H1ZN34;BDRX
HP COMPANY;HPQB34;BDRX
HSBC HOLDING;H1SB34;BDRX
HYPERA;HYPE3;GPTW,IBOV,IBRA,IBXX,ICO2,ICON,IGCT,IGCX,IGNM,ITAG,IVBX,MLCX
IGUATEMI S.A;IGTI11;IBOV,IBRA,IBXX,IGCT,IGCX,IMOB,ITAG,SMLL
IHPARDINI;PARD3;IBRA,ICON,IGCT,IGCX,IGNM,ITAG,SMLL
ILLUMINA INC;I1LM34;BDRX
IMC S/A;MEAL3;IBRA,ICON,IGCT,IGCX,IGNM,ITAG,SMLL
INFRACOMM;IFCM3;IBRA,IGCT,IGCX,IGNM,ITAG,SMLL
INTEL;ITLC34;BDRX
INTELBRAS;INTB3;GPTW,IBRA,IGCT,IGCX,IGNM,INDX,ITAG,SMLL
INTUIT INC;INTU34;BDRX
INTUITIVE SU;I1SR34;BDRX
IOCHP-MAXION;MYPK3;IBRA,ICON,IDIV,IGCT,IGCX,IGNM,INDX,ISEE,ITAG,SMLL
IRANI;RANI3;AGFS,GPTW,IBRA,IGCT,IGCX,IGNM,IMAT,ITAG,SMLL
IRBBRASIL RE;IRBR3;IBOV,IBRA,IBXX,IFNC,IGCT,IGCX,IGNM,ITAG,SMLL
IRON MOUNTAI;I1RM34;BDRX
ITAUSA;ITSA3;IGCX
ITAUSA;ITSA4;IBOV,IBRA,IBXL,IBXX,ICO2,IDIV,IFNC,IGCT,IGCX,ISEE,ITAG,IVBX,MLCX
ITAUUNIBANCO;ITUB3;IBRA,IFNC,IGCT,IGCX,MLCX
ITAUUNIBANCO;ITUB4;GPTW,IBOV,IBRA,IBXL,IBXX,ICO2,IFNC,IGCT,IGCX,ISEE,ITAG,MLCX
JALLESMACHAD;JALL3;AGFS,GPTW,IBRA,ICON,IGCT,IGCX,IGNM,ITAG,SMLL
JBS;JBSS3;AGFS,IBOV,IBRA,IBXL,IBXX,ICO2,ICON,IGCT,IGCX,IGNM,INDX,ITAG,MLCX
JD COM;JDCO34;BDRX
JHSF PART;JHSF3;IBOV,IBRA,ICON,IDIV,IGCT,IGCX,IGNM,IMOB,INDX,ITAG,SMLL
JOHNSON;JNJB34;BDRX
JPMORGAN;JPMC34;BDRX
JSL;JSLG3;IGCX,IGNM,ITAG
KEPLER WEBER;KEPL3;AGFS,GPTW,IBRA,ITAG,SMLL
KINDER MORGA;KMIC34;BDRX
KLABIN S/A;KLBN11;AGFS,IBOV,IBRA,IBXL,IBXX,ICO2,IGCT,IGCX,IMAT,INDX,ISEE,ITAG,IVBX,MLCX
KORA SAUDE;KRSA3;IGCX,IGNM,ITAG
KRAFT HEINZ;KHCB34;BDRX
LAM RESEARCH;L1RC34;BDRX
LAVVI;LAVV3;IBRA,ICON,IGCT,IGCX,IGNM,IMOB,ITAG,SMLL
LIGHT S/A;LIGT3;IBRA,IEEX,IGCT,IGCX,IGNM,ISEE,ITAG,SMLL,UTIL
LILLY;LILY34;BDRX
LLOYDS BANKI;L1YG34;BDRX
LOCALIZA;RENT3;GPTW,IBOV,IBRA,IBXL,IBXX,ICO2,ICON,IGCT,IGCX,IGNM,ITAG,IVBX,MLCX
LOCAWEB;LWSA3;GPTW,IBOV,IBRA,IBXL,IBXX,IGCT,IGCX,IGNM,ITAG,IVBX,SMLL
LOCKHEED;LMTB34;BDRX
LOG COM PROP;LOGG3;IBRA,IGCT,IGCX,IGNM,IMOB,ITAG,SMLL
LOG-IN;LOGN3;IBRA,IGCT,IGCX,IGNM,ITAG,SMLL
LOJAS MARISA;AMAR3;IBRA,IBXX,ICON,IGCT,IGCX,IGNM,ITAG,SMLL
LOJAS RENNER;LREN3;GPTW,IBOV,IBRA,IBXL,IBXX,ICO2,ICON,IGCT,IGCX,IGNM,ISEE,ITAG,IVBX,MLCX
LOPES BRASIL;LPSB3;IGCX,IGNM,ITAG
LOWES COMPA;LOWC34;BDRX
LULULEMON AT;L1UL34;BDRX
LUMEN TECH;L1MN34;BDRX
M.DIASBRANCO;MDIA3;AGFS,IBRA,ICON,IGCT,IGCX,IGNM,INDX,ISEE,ITAG,SMLL
MACY S;MACY34;BDRX
MAGAZ LUIZA;MGLU3;GPTW,IBOV,IBRA,IBXL,IBXX,ICO2,ICON,IGCT,IGCX,IGNM,ISEE,ITAG,MLCX
MARATHON OIL;M1RO34;BDRX
MARCOPOLO;POMO3;IGCX,ITAG
MARCOPOLO;POMO4;IBRA,IGCT,IGCX,INDX,ITAG,SMLL
MARFRIG;MRFG3;AGFS,IBOV,IBRA,IBXL,IBXX,ICO2,ICON,IGCT,IGCX,IGNM,INDX,ISEE,ITAG,IVBX,MLCX
MASTERCARD;MSCD34;BDRX
MATER DEI;MATD3;GPTW,IBRA,ICON,IGCT,IGCX,IGNM,ITAG,SMLL
MCDONALDS;MCDC34;BDRX
MEDTRONIC;MDTC34;BDRX
MELIUZ;CASH3;GPTW,IBOV,IBRA,IBXL,IBXX,IGCT,IGCX,IGNM,ITAG,IVBX,SMLL
MELNICK;MELK3;IGCX,IGNM,ITAG
MERC BRASIL;BMEB3;IGCX
MERC BRASIL;BMEB4;IGCX
MERCADOLIBRE;MELI34;BDRX
MERCK;MRCK34;BDRX
META PLAT;M1TA34;BDRX
METAL IGUACU;MTIG4;ITAG
METAL LEVE;LEVE3;IBRA,ICON,IDIV,IGCT,IGCX,IGNM,ITAG,SMLL
METLIFE INC;METB34;BDRX
MGM RESORTS;M1GM34;BDRX
MICRON TECHN;MUTC34;BDRX
MICROSOFT;MSFT34;BDRX
MILLS;MILS3;IBRA,IGCT,IGCX,IGNM,ITAG,SMLL
MINERVA;BEEF3;AGFS,IBOV,IBRA,IBXX,ICO2,ICON,IDIV,IGCT,IGCX,IGNM,INDX,ISEE,ITAG,SMLL
MITRE REALTY;MTRE3;IBRA,ICON,IGCT,IGCX,IGNM,IMOB,ITAG,SMLL
MITSUBISHI U;M1UF34;BDRX
MOBLY;MBLY3;IGCX,IGNM,ITAG
MODALMAIS;MODL11;IBRA,IFNC,IGCT,IGCX,ITAG,SMLL
MODERNA INC;M1RN34;BDRX
MONDELEZ INT;MDLZ34;BDRX
MONGODB INC;M1DB34;BDRX
MONSTER BEVE;M1NS34;BDRX
MORGAN STAN;MSBR34;BDRX
MOSAIC CO;MOSC34;BDRX
MOURA DUBEUX;MDNE3;IGCX,IGNM,ITAG
MOVIDA;MOVI3;IBRA,IBXX,ICO2,ICON,IGCT,IGCX,IGNM,ISEE,ITAG,SMLL
MRV;MRVE3;IBOV,IBRA,IBXX,ICO2,ICON,IGCT,IGCX,IGNM,IMOB,INDX,ISEE,ITAG,SMLL
MULTILASER;MLAS3;IBRA,IGCT,IGCX,IGNM,ITAG,SMLL
MULTIPLAN;MULT3;IBOV,IBRA,IBXL,IBXX,ICO2,IGCT,IGCX,IMOB,ITAG,IVBX,SMLL
NASDAQ INC;N1DA34;BDRX
NEOENERGIA;NEOE3;IBRA,IEEX,IGCT,IGCX,IGNM,ISEE,ITAG,MLCX,UTIL
NEOGRID;NGRD3;GPTW,IBRA,IGCT,IGCX,IGNM,ITAG,SMLL
NETEASE;NETE34;BDRX
NETFLIX;NFLX34;BDRX
NEW ORIENTAL;E1DU34;BDRX
NEWMONT GOLD;N1EM34;BDRX
NEXPE;NEXP3;IGCX,IGNM,ITAG
NEXTERA ENER;NEXT34;BDRX
NIKE;NIKE34;BDRX
NOKIA CORP;NOKI34;BDRX
NORWEGIAN CR;N1CL34;BDRX
NOVARTIS AG;N1VS34;BDRX
NOVO NORDISK;N1VO34;BDRX
NUCOR CORP;N1UE34;BDRX
NVIDIA CORP;NVDC34;BDRX
NXP SEMICOND;N1XP34;BDRX
OCCIDENT PTR;OXYP34;BDRX
OCEANPACT;OPCT3;IBRA,IGCT,IGCX,IGNM,ITAG,SMLL
ODONTOPREV;ODPV3;GPTW,IBRA,ICON,IGCT,IGCX,IGNM,ITAG,SMLL
OKTA INC;O1KT34;BDRX
OMEGAENERGIA;MEGA3;IBRA,IEEX,IGCT,IGCX,IGNM,ITAG,SMLL,UTIL
ONCOCLINICAS;ONCO3;IBRA,ICON,IGCT,IGCX,IGNM,ITAG,SMLL
ORACLE;ORCL34;BDRX
ORIZON;ORVR3;IBRA,IGCT,IGCX,IGNM,ITAG,SMLL,UTIL
OSX BRASIL;OSXB3;IGCX,IGNM,ITAG
OUROFINO S/A;OFSA3;IGCX,IGNM,ITAG
P.ACUCAR-CBD;PCAR3;AGFS,IBOV,IBRA,IBXX,ICO2,ICON,IGCT,IGCX,IGNM,ISEE,ITAG,SMLL
PADTEC;PDTC3;IGCX,IGNM,ITAG
PAGSEGURO;PAGS34;BDRX
PAGUE MENOS;PGMN3;GPTW,IBRA,ICON,IGCT,IGCX,IGNM,ITAG,SMLL
PALANTIRTECH;P2LT34;BDRX
PARAMOUNT GL;C1BS34;BDRX
PARANAPANEMA;PMAM3;IGCX,IGNM,ITAG,SMLL
PAYPAL HOLD;PYPL34;BDRX
PDG REALT;PDGR3;IGCX,IGNM,ITAG
PEPSICO INC;PEPB34;BDRX
PETROBRAS;PETR3;IBOV,IBRA,IBXL,IBXX,ICO2,IDIV,IGCT,IGCX,ITAG,MLCX
PETROBRAS;PETR4;IBOV,IBRA,IBXL,IBXX,ICO2,IGCT,IGCX,ITAG,MLCX
PETROCHIN;PTCH34;BDRX
PETRORECSA;RECV3;IBRA,IGCT,IGCX,IGNM,ITAG,SMLL
PETRORIO;PRIO3;IBOV,IBRA,IBXL,IBXX,IGCT,IGCX,IGNM,ITAG,MLCX
PETTENATI;PTNT4;ITAG
PETZ;PETZ3;IBOV,IBRA,IBXX,ICON,IGCT,IGCX,IGNM,ITAG,IVBX,SMLL
PFIZER;PFIZ34;BDRX
PG;PGCO34;BDRX
PHILIP MORRI;PHMO34;BDRX
PINDUODUO IN;P1DD34;BDRX
PINE;PINE4;IGCX,ITAG
PLANOEPLANO;PLPL3;GPTW,IBRA,ICON,IGCT,IGCX,IGNM,IMOB,ITAG,SMLL
PORTO SEGURO;PSSA3;IBRA,IBXX,ICO2,IDIV,IFNC,IGCT,IGCX,IGNM,ITAG,MLCX
PORTOBELLO;PTBL3;IBRA,IGCT,IGCX,IGNM,INDX,ITAG,SMLL
POSITIVO TEC;POSI3;GPTW,IBOV,IBRA,IBXX,IGCT,IGCX,IGNM,INDX,ITAG,SMLL
PRINER;PRNR3;IGCX,IGNM,ITAG
PROFARMA;PFRM3;IGCX,IGNM,ITAG
PROLOGIS INC;P1LD34;BDRX
PUBLIC STORA;P1SA34;BDRX
QUALCOMM;QCOM34;BDRX
QUALICORP;QUAL3;GPTW,IBOV,IBRA,IBXX,ICON,IDIV,IGCT,IGCX,IGNM,ITAG,SMLL
QUERO-QUERO;LJQQ3;GPTW,IBRA,ICON,IGCT,IGCX,IGNM,ITAG,SMLL
RAIADROGASIL;RADL3;IBOV,IBRA,IBXL,IBXX,ICO2,ICON,IGCT,IGCX,IGNM,ISEE,ITAG,IVBX,MLCX
RAIZEN;RAIZ4;AGFS,IBRA,IBXX,ICON,IGCT,IGCX,ITAG,SMLL
RANDON PART;RAPT3;IGCX
RANDON PART;RAPT4;AGFS,IBRA,IDIV,IGCT,IGCX,INDX,ITAG,SMLL
RAYTHEONTECH;RYTT34;BDRX
RECRUSUL;RCSL3;AGFS,IBRA,INDX,SMLL
REDE D OR;RDOR3;IBOV,IBRA,IBXL,IBXX,ICON,IGCT,IGCX,IGNM,ITAG,IVBX,MLCX
REGENERON PH;REGN34;BDRX
RIO TINTO;RIOT34;BDRX
RNI;RDNI3;IGCX,IGNM,ITAG
ROBLOX CORP;R2BL34;BDRX
ROKU INC;R1KU34;BDRX
ROMI;ROMI3;IBRA,IDIV,IGCT,IGCX,IGNM,ITAG,SMLL
ROSSI RESID;RSID3;IGCX,IGNM,ITAG
ROYAL CARIBB;R1CL34;BDRX
RUMO S.A.;RAIL3;AGFS,IBOV,IBRA,IBXL,IBXX,ICO2,IGCT,IGCX,IGNM,ISEE,ITAG,IVBX,MLCX
SABESP;SBSP3;GPTW,IBOV,IBRA,IBXX,IGCT,IGCX,IGNM,ITAG,IVBX,MLCX,UTIL
SALESFOR INC;SSFO34;BDRX
SANEPAR;SAPR11;IBRA,IGCT,IGCX,ITAG,SMLL,UTIL
SANTANDER;BCSA34;BDRX
SANTANDER BR;SANB11;GPTW,IBOV,IBRA,IBXX,ICO2,IDIV,IFNC,ISEE,ITAG,MLCX
SANTOS BRP;STBP3;GPTW,IBRA,IBXX,ICO2,IGCT,IGCX,IGNM,ITAG,SMLL
SAO CARLOS;SCAR3;IGCX,IGNM,ITAG
SAO MARTINHO;SMTO3;AGFS,IBRA,IBXX,ICO2,ICON,IGCT,IGCX,IGNM,INDX,ITAG,MLCX
SAP SE;SAPP34;BDRX
SCHWAB;SCHW34;BDRX
SEA LTD;S2EA34;BDRX
SEQUOIA LOG;SEQL3;IBRA,IGCT,IGCX,IGNM,ITAG,SMLL
SER EDUCA;SEER3;IBRA,ICON,IGCT,IGCX,IGNM,ITAG,SMLL
SERVICENOW;N1OW34;BDRX
SHOPIFY INC;S2HO34;BDRX
SIBANYE STIL;S1BS34;BDRX
SID NACIONAL;CSNA3;IBOV,IBRA,IBXL,IBXX,ICO2,IDIV,IMAT,INDX,IVBX,MLCX
SIMON PROP;SIMN34;BDRX
SIMPAR;SIMH3;IBRA,IGCT,IGCX,IGNM,ISEE,ITAG,SMLL
SINQIA;SQIA3;GPTW,IBRA,IGCT,IGCX,IGNM,ITAG,SMLL
SL GREEN REA;S1LG34;BDRX
SLC AGRICOLA;SLCE3;AGFS,GPTW,IBOV,IBRA,IBXX,ICO2,ICON,IGCT,IGCX,IGNM,ITAG,SMLL
SMART FIT;SMFT3;IBRA,ICON,IGCT,IGCX,IGNM,ITAG,MLCX
SNOWFLAKE;S2NW34;BDRX
SONY GROUP;SNEC34;BDRX
SP GLOBAL;SPGI34;BDRX
SPLUNK INC;S1PL34;BDRX
SPOTIFY TECH;S1PO34;BDRX
SPRINGS;SGPS3;IGCX,IGNM,ITAG
STARBUCKS;SBUB34;BDRX
STORECAPITAL;S2TO34;BDRX
SUL AMERICA;SULA11;IBOV,IBRA,IBXX,ICO2,IFNC,IGCT,IGCX,ISEE,ITAG,IVBX,SMLL
SUZANO S.A.;SUZB3;AGFS,GPTW,IBOV,IBRA,IBXL,IBXX,ICO2,IGCT,IGCX,IGNM,IMAT,INDX,ISEE,ITAG,IVBX,MLCX
SYN PROP TEC;SYNE3;IBRA,IDIV,IGCT,IGCX,IGNM,IMOB,ITAG,SMLL
SYNCHRONY FI;S1YF34;BDRX
TAESA;TAEE11;GPTW,IBOV,IBRA,IBXX,ICO2,IDIV,IEEX,IGCT,IGCX,ITAG,MLCX,UTIL
TAIWANSMFAC;TSMC34;BDRX
TAKE-TWO INT;T1TW34;BDRX
TAL EDUCATIO;T1AL34;BDRX
TARGET CORP;TGTB34;BDRX
TAURUS ARMAS;TASA3;IGCX,ITAG
TAURUS ARMAS;TASA4;IBRA,IGCT,IGCX,INDX,ITAG,SMLL
TC;TRAD3;IBRA,IGCT,IGCX,IGNM,ITAG,SMLL
TECHNOS;TECN3;IBRA,ICON,IGCT,IGCX,IGNM,ITAG,SMLL
TECNISA;TCSA3;IBRA,ICON,IGCT,IGCX,IGNM,IMOB,ITAG,SMLL
TEGMA;TGMA3;IBRA,IDIV,IGCT,IGCX,IGNM,ITAG,SMLL
TELADOCHEALT;T2DH34;BDRX
TELEF BRASIL;VIVT3;GPTW,IBOV,IBRA,IBXX,ICO2,IDIV,ISEE,IVBX,MLCX
TELEFONIC;TLNC34;BDRX
TENDA;TEND3;IBRA,ICON,IGCT,IGCX,IGNM,IMOB,INDX,ITAG,SMLL
TERNIUMSA;TXSA34;BDRX
TERRASANTAPA;LAND3;IGCX,IGNM,ITAG
TESLA INC;TSLA34;BDRX
TEVA PHARMAC;T1EV34;BDRX
TEXAS INC;TEXA34;BDRX
THERMFISCHER;TMOS34;BDRX
TIM;TIMS3;IBOV,IBRA,IBXX,ICO2,IGCT,IGCX,IGNM,ISEE,ITAG,MLCX
TIME FOR FUN;SHOW3;IGCX,IGNM,ITAG
TOTVS;TOTS3;GPTW,IBOV,IBRA,IBXL,IBXX,IGCT,IGCX,IGNM,ITAG,IVBX,MLCX
TOYOTAMO;TMCO34;BDRX
TRACK FIELD;TFCO4;IGCX,ITAG
TRADE DESK;T2TD34;BDRX
TRAN PAULIST;TRPL3;IGCX
TRAN PAULIST;TRPL4;IBRA,IDIV,IEEX,IGCT,IGCX,MLCX,UTIL
TRANSOCEAN;RIGG34;BDRX
TRIPADVISOR;T1RI34;BDRX
TRISUL;TRIS3;IBRA,ICON,IDIV,IGCT,IGCX,IGNM,IMOB,ITAG,SMLL
TRIUNFO PART;TPIS3;IBRA,IGCT,IGCX,IGNM,ITAG,SMLL
TUPY;TUPY3;AGFS,IBRA,IGCT,IGCX,IGNM,INDX,ITAG,SMLL
TWILIO INC;T1WL34;BDRX
TWITTER;TWTR34;BDRX
UBER TECH IN;U1BE34;BDRX
UBS GROUP;UBSG34;BDRX
ULTRAPAR;UGPA3;IBOV,IBRA,IBXX,ICO2,IGCT,IGCX,IGNM,ITAG,IVBX,MLCX
UNICASA;UCAS3;IGCX,IGNM,ITAG
UNIFIQUE;FIQE3;IGCX,IGNM,ITAG
UNILEVER;ULEV34;BDRX
UNIPAR;UNIP6;IBRA,IDIV,IMAT,INDX,SMLL
UNITED AIRLI;U1AL34;BDRX
UNITEDHEALTH;UNHH34;BDRX
UNITY SOFTWR;U2ST34;BDRX
UPS;UPSS34;BDRX
US BANCORP;USBC34;BDRX
US STEEL;USSX34;BDRX
USIMINAS;USIM3;IBRA,IGCT,IGCX,IMAT,MLCX
USIMINAS;USIM5;IBOV,IBRA,IBXL,IBXX,ICO2,IGCT,IGCX,IMAT,INDX,IVBX,MLCX
VALE;VALE3;IBOV,IBRA,IBXL,IBXX,IDIV,IGCT,IGCX,IGNM,IMAT,ITAG,MLCX
VALERO ENER;VLOE34;BDRX
VALID;VLID3;IBRA,IGCT,IGCX,IGNM,ITAG,SMLL
VAMOS;VAMO3;AGFS,IBRA,ICON,IGCT,IGCX,IGNM,ITAG,MLCX
VERIZON;VERZ34;BDRX
VERTEX PHARM;VRTX34;BDRX
VIA;VIIA3;GPTW,IBOV,IBRA,IBXL,IBXX,ICO2,ICON,IGCT,IGCX,IGNM,ISEE,ITAG,IVBX,SMLL
VIBRA;VBBR3;IBOV,IBRA,IBXL,IBXX,ICO2,IGCT,IGCX,IGNM,ISEE,ITAG,IVBX,MLCX
VIPSHOP HOLD;V1IP34;BDRX
VISA INC;VISA34;BDRX
VITTIA;VITT3;IGCX,IGNM,ITAG
VIVARA S.A.;VIVA3;IBRA,ICON,IGCT,IGCX,IGNM,INDX,ITAG,SMLL
VIVEO;VVEO3;IGCX,IGNM,ITAG
VIVER;VIVR3;IBRA,ICON,IGCT,IGCX,IGNM,IMOB,ITAG,SMLL
VODAFONE GRO;V1OD34;BDRX
VORNADO REAL;V1NO34;BDRX
VULCABRAS;VULC3;IBRA,ICON,IGCT,IGCX,IGNM,ITAG,SMLL
WAL MART;WALM34;BDRX
WALGREENS;WGBA34;BDRX
WALT DISNEY;DISB34;BDRX
WARNER DISCO;W1BD34;BDRX
WDC NETWORKS;LVTC3;IGCX,IGNM,ITAG
WEG;WEGE3;IBOV,IBRA,IBXL,IBXX,ICO2,IGCT,IGCX,IGNM,INDX,ISEE,ITAG,MLCX
WELLS FARGO;WFCO34;BDRX
WESTWING;WEST3;IGCX,IGNM,ITAG
WILSON SONS;PORT3;IGCX,IGNM,ITAG
WIX.COM LTD;W1IX34;BDRX
WIZ S.A.;WIZS3;GPTW,IBRA,IBXX,IDIV,IFNC,IGCT,IGCX,IGNM,ITAG,SMLL
YDUQS PART;YDUQ3;IBOV,IBRA,IBXX,ICON,IGCT,IGCX,IGNM,ITAG,SMLL
ZOETIS INC;Z1TS34;BDRX
ZOOM VIDEO;Z1OM34;BDRX
